[
  {
    "property_id": 1,
    "property_type": "House",
    "location": "123 Main Street, Cityville",
    "bedrooms": 4,
    "bathrooms": 3,
    "square_feet": 2500,
    "price": 350000,
    "garage": true,
    "pool": false,
    "year_built": 2005,
    "description": "A beautiful family home in a quiet neighborhood."
  },
  {
    "property_id": 2,
    "property_type": "Apartment",
    "location": "456 Elm Avenue, Townsville",
    "bedrooms": 2,
    "bathrooms": 2,
    "square_feet": 1200,
    "price": 180000,
    "garage": false,
    "pool": true,
    "year_built": 2010,
    "description": "Modern apartment with great amenities and a view."
  },
  {
    "property_id": 3,
    "property_type": "Condo",
    "location": "789 Oak Lane, Suburbia",
    "bedrooms": 3,
    "bathrooms": 2.5,
    "square_feet": 1800,
    "price": 220000,
    "garage": true,
    "pool": true,
    "year_built": 1998,
    "description": "Convenient condo living with access to a community pool."
  },
  {
    "property_id": 4,
    "property_type": "Townhouse",
    "location": "101 Pine Road, Riverside",
    "bedrooms": 3,
    "bathrooms": 2,
    "square_feet": 1600,
    "price": 275000,
    "garage": true,
    "pool": false,
    "year_built": 2008,
    "description": "Spacious townhouse with a two-car garage."
  },
  {
    "property_id": 5,
    "property_type": "Vacant Land",
    "location": "Lakefront Drive, Scenicville",
    "acreage": 5.0,
    "price": 100000,
    "zoning": "Residential",
    "utilities_available": ["Water", "Electricity"],
    "description": "Build your dream home on this beautiful lakefront land."
  },
  {
    "property_id": 6,
    "property_type": "Ranch",
    "location": "234 Meadow Lane, Countryside",
    "bedrooms": 5,
    "bathrooms": 4.5,
    "acreage": 10.0,
    "price": 650000,
    "garage": true,
    "pool": true,
    "year_built": 1995,
    "description": "A spacious ranch with plenty of land and amenities."
  },
  {
    "property_id": 7,
    "property_type": "Duplex",
    "location": "567 Maple Street, Urbanville",
    "bedrooms": 6,
    "bathrooms": 4,
    "square_feet": 2800,
    "price": 420000,
    "garage": false,
    "pool": false,
    "year_built": 2015,
    "description": "Investment opportunity with a modern duplex."
  },
  {
    "property_id": 8,
    "property_type": "Commercial Building",
    "location": "789 Broadway Avenue, Business District",
    "square_feet": 10000,
    "price": 900000,
    "zoning": "Commercial",
    "parking_spaces": 20,
    "description": "Large commercial building with ample parking."
  },
  {
    "property_id": 9,
    "property_type": "Luxury Mansion",
    "location": "1 Magnolia Drive, Prestige Estates",
    "bedrooms": 7,
    "bathrooms": 9,
    "square_feet": 15000,
    "price": 3500000,
    "garage": true,
    "pool": true,
    "year_built": 2012,
    "description": "Exquisite mansion with luxurious features and a pool."
  },
  {
    "property_id": 10,
    "property_type": "Cabin",
    "location": "Mountain View Road, Wilderness",
    "bedrooms": 2,
    "bathrooms": 1,
    "acreage": 2.5,
    "price": 150000,
    "garage": false,
    "pool": false,
    "description": "Cozy cabin nestled in the woods with scenic views."
  },
  {
    "property_id": 11,
    "property_type": "House",
    "location": "789 Oak Street, Suburbia",
    "bedrooms": 3,
    "bathrooms": 2,
    "square_feet": 2200,
    "price": 320000,
    "garage": true,
    "pool": false,
    "year_built": 2007,
    "description": "Charming family home in a peaceful neighborhood."
  },
  {
    "property_id": 12,
    "property_type": "Apartment",
    "location": "1010 Highrise Avenue, Uptown",
    "bedrooms": 1,
    "bathrooms": 1,
    "square_feet": 800,
    "price": 140000,
    "garage": false,
    "pool": true,
    "year_built": 2018,
    "description": "Stylish apartment with city skyline views."
  },
  {
    "property_id": 13,
    "property_type": "Condo",
    "location": "345 Palm Lane, Seaside",
    "bedrooms": 2,
    "bathrooms": 2,
    "square_feet": 1400,
    "price": 190000,
    "garage": false,
    "pool": true,
    "year_built": 2002,
    "description": "Beachfront condo with resort-like amenities."
  },
  {
    "property_id": 14,
    "property_type": "Townhouse",
    "location": "202 Willow Avenue, Suburbia",
    "bedrooms": 4,
    "bathrooms": 2.5,
    "square_feet": 1800,
    "price": 280000,
    "garage": true,
    "pool": false,
    "year_built": 2011,
    "description": "Modern townhouse with a spacious layout."
  },
  {
    "property_id": 15,
    "property_type": "Vacant Land",
    "location": "Hillside Drive, Countryside",
    "acreage": 3.5,
    "price": 75000,
    "zoning": "Residential",
    "utilities_available": ["Water", "Electricity", "Gas"],
    "description": "Build your dream home on this scenic land."
  },
  {
    "property_id": 16,
    "property_type": "Ranch",
    "location": "123 Farm Road, Farmland",
    "bedrooms": 3,
    "bathrooms": 2,
    "acreage": 20.0,
    "price": 550000,
    "garage": true,
    "pool": true,
    "year_built": 2000,
    "description": "A spacious ranch with acres of land and a barn."
  },
  {
    "property_id": 17,
    "property_type": "Duplex",
    "location": "678 Pine Street, Suburbia",
    "bedrooms": 4,
    "bathrooms": 2,
    "square_feet": 2000,
    "price": 360000,
    "garage": true,
    "pool": false,
    "year_built": 2014,
    "description": "Duplex with rental income potential."
  },
  {
    "property_id": 18,
    "property_type": "Commercial Building",
    "location": "456 Business Avenue, Downtown",
    "square_feet": 15000,
    "price": 1200000,
    "zoning": "Commercial",
    "parking_spaces": 30,
    "description": "Large commercial space in the heart of the city."
  },
  {
    "property_id": 19,
    "property_type": "Luxury Mansion",
    "location": "2 Prestige Lane, Elite Estates",
    "bedrooms": 8,
    "bathrooms": 10,
    "square_feet": 25000,
    "price": 5500000,
    "garage": true,
    "pool": true,
    "year_built": 2015,
    "description": "An opulent mansion with extravagant features."
  },
  {
    "property_id": 20,
    "property_type": "Cabin",
    "location": "Forest Trail, Woodlands",
    "bedrooms": 3,
    "bathrooms": 2,
    "acreage": 5.0,
    "price": 220000,
    "garage": false,
    "pool": false,
    "description": "Secluded cabin in the woods, perfect for nature lovers."
  }
]
